#,Slug,Title,Casino ID,URI,Logo URL,Currencies,Game Providers,Game Types
1,betcoin,Betcoin,13187,/casino/review/betcoin/,https://stg-coinbets-staging.kinsta.cloud/wp-content/uploads/2025/12/Betcoin-logo-small.png,Bitcoin (BTC); Ethereum (ETH); USDT Tether (USDT); USDC (USDC); Solana (SOL); TRON (TRX); Dogecoin (DOGE); Dash (DASH); Bitcoin Cash (BCH); Binance USD (BUSD),OMI (1); Games Inc (2); CG Games (3); Eurasian Gaming (32); AGT Software (6); Urgent Games (6); Triple Cherry (21); GoldenRace (10); Wazdan (50); Prospect Gaming (13),Dice & Craps (77); Sports betting (131); Scratch Cards (97); Provably Fair (103); Plinko (111); Mines (103); Keno (105); eSports Betting (122); Crash Games (145); Live Games (167)
2,betbolt,BetBolt,13127,/casino/review/betbolt/,https://stg-coinbets-staging.kinsta.cloud/wp-content/uploads/2025/12/BetBolt-Logo-Small.png,Bitcoin (BTC); Ethereum (ETH); USDT Tether (USDT); USDC (USDC); Solana (SOL); TRON (TRX); Dogecoin (DOGE); Cardano (ADA); Toncoin (TON); Bitcoin Cash (BCH),F*Bastards (14); Belatra (58); PGSoft (97); 155 (16); Pragmatic Play Live (42); Shady Lady (45); Live88 (44); TrueLab Games (101); Octoplay (40); Popiplay (97),Dice & Craps (77); Sports betting (131); Scratch Cards (97); Provably Fair (103); Plinko (111); Originals (83); Mines (103); eSports Betting (122); Live Games (167); Baccarat (155)
3,roobet,Roobet,3650,/casino/review/roobet/,https://stg-coinbets-staging.kinsta.cloud/wp-content/uploads/2025/07/Roobet-logo.avif,Bitcoin (BTC); Ethereum (ETH); USDT Tether (USDT); USDC (USDC); Solana (SOL); TRON (TRX); Dogecoin (DOGE); Sui (SUI); XRP (Ripple); Litecoin (LTC),Sneaky Slots (4); Eurasian Gaming (32); Amatic Industries (47); G Games (14); Degen Studios (1); Neon Valley Studios (12); Microgaming (47); Electric Elephant (19); Just Slots (18); Shady Lady (45),Dice & Craps (77); Towers (81); Sports betting (131); Scratch Cards (97); Provably Fair (103); Plinko (111); Originals (83); Mines (103); Lottery (58); Keno (105)
4,yeet-casino,Yeet,5170,/casino/review/yeet-casino/,https://stg-coinbets-staging.kinsta.cloud/wp-content/uploads/2025/08/Yeet-logo.avif,Fartcoin (FARTCOIN); Pudgy Penguins (PENGU); Mog Coin (MOG); Bitcoin (BTC); Ethereum (ETH); USDT Tether (USDT); USDC (USDC); Solana (SOL); TRON (TRX); Trump (TRUMP),Tap-a-Roo (3); Sneaky Slots (4); Amatic Industries (47); Groove (2); EGT (19); BSG (7); Belatra (58); PGSoft (97); Shady Lady (45); Penguin King (43),Dice & Craps (77); Towers (81); Sports betting (131); Scratch Cards (97); Provably Fair (103); Plinko (111); Originals (83); Mines (103); Keno (105); eSports Betting (122)
5,bc-game,BC.Game,487,/casino/review/bc-game/,https://stg-coinbets-staging.kinsta.cloud/wp-content/uploads/2025/08/bcgamelogo-272x0-1.avif,Bitcoin (BTC); Ethereum (ETH); USDT Tether (USDT); USDC (USDC); BC Dollar; BC.Game (BC); Worldcoin (WLD); Satoshi (SATS); Solana (SOL); Avalanche (AVAX),Wali Games (2); SV388 (2); Sexy Gaming (6); SabaPlay (2); Croco Gaming (2); Tap-a-Roo (3); YGR (6); Spadegaming (45); Win Fast (34); Wazdan (50),Dice & Craps (77); Towers (81); Sports betting (131); Scratch Cards (97); Provably Fair (103); Plinko (111); Originals (83); Mines (103); Lottery (58); Keno (105)
6,gamdom-casino,Gamdom,3046,/casino/review/gamdom-casino/,https://stg-coinbets-staging.kinsta.cloud/wp-content/uploads/2025/08/Gamdom-Logo-e1754809121863.avif,Bitcoin (BTC); Ethereum (ETH); USDT Tether (USDT); Solana (SOL); TRON (TRX); Dogecoin (DOGE); XRP (Ripple),Amusnet (54); PGSoft (97); Wicked (1); Pragmatic Play Live (42); Koala Games (12); Just Slots (18); Gamdom Original (1); Shady Lady (45); Winfinity (51); Ace Roll (23),Sports betting (131); Scratch Cards (97); Provably Fair (103); Originals (83); eSports Betting (122); Live Games (167); Baccarat (155); Jackpot Slots (176); Bingo (136); Slots (186)
7,rainbet,Rainbet,3853,/casino/review/rainbet/,https://stg-coinbets-staging.kinsta.cloud/wp-content/uploads/2025/07/Rainbet-logo.avif,Bitcoin (BTC); Ethereum (ETH); USDT Tether (USDT); USDC (USDC); Solana (SOL); TRON (TRX); Dogecoin (DOGE); Cardano (ADA); Toncoin (TON); XRP (Ripple),BT Gaming (2); Wazdan (50); Belatra (58); PGSoft (97); Shady Lady (45); Penguin King (43); NowNow Gaming (38); Red Rake Gaming (58); NetGame (96); TrueLab Games (101),Towers (81); Sports betting (131); Scratch Cards (97); Provably Fair (103); Plinko (111); Originals (83); Mines (103); Keno (105); eSports Betting (122); Crash Games (145)
8,stake,Stake,5235,/casino/review/stake/,https://stg-coinbets-staging.kinsta.cloud/wp-content/uploads/2025/08/stake-logo-white.avif,Bitcoin (BTC); Ethereum (ETH); USDT Tether (USDT); USDC (USDC); TRON (TRX); Dogecoin (DOGE); EOS (EOS); Bitcoin Cash (BCH); XRP (Ripple); Litecoin (LTC),Stake Originals (1); Twist Gaming (1); Titan Gaming (1); Spinova (1); Rubber Duck Gaming (1); Rabbit Gaming (1); Quickstrike (1); Paradice Gaming (1); Paperclip Gaming (1); Mirror Image Gaming (1),Dice & Craps (77); Towers (81); Sports betting (131); Scratch Cards (97); Provably Fair (103); Plinko (111); Originals (83); Mines (103); Lottery (58); Keno (105)
9,shuffle,Shuffle,3304,/casino/review/shuffle/,https://stg-coinbets-staging.kinsta.cloud/wp-content/uploads/2025/08/shuffle-casino-logo-e1754811760561.avif,Bitcoin (BTC); Ethereum (ETH); USDT Tether (USDT); USDC (USDC); SHFL; Solana (SOL); TRON (TRX); Dogecoin (DOGE); Dogwifhat (WIF); Avalanche (AVAX),PGSoft (97); 155 (16); Pragmatic Play Live (42); Shuffle Master (2); Shady Lady (45); Ace Roll (23); Trusty Gaming (31); Golden Hero (37); NowNow Gaming (38); Four Leaf Gaming (33),Towers (81); Sports betting (131); Provably Fair (103); Plinko (111); Originals (83); Mines (103); Keno (105); eSports Betting (122); Crash Games (145); Live Games (167)
10,rollbit,Rollbit,5231,/casino/review/rollbit/,https://stg-coinbets-staging.kinsta.cloud/wp-content/uploads/2025/08/Rollbit-Logo.avif,Bitcoin (BTC); Ethereum (ETH); USDT Tether (USDT); USDC (USDC); Solana (SOL); XRP (Ripple); Litecoin (LTC); Shiba Inu (SHIB),Amatic Industries (47); EGT (19); BSG (7); Belatra (58); PGSoft (97); Microgaming (47); Max Win Gaming (21); Trusty Gaming (31); SpinPlay Games (15); PearFiction (10),Towers (81); Sports betting (131); Scratch Cards (97); Provably Fair (103); Plinko (111); Originals (83); Mines (103); Lottery (58); Keno (105); eSports Betting (122)
11,menace,Menace,12127,/casino/review/menace/,https://stg-coinbets-staging.kinsta.cloud/wp-content/uploads/2025/11/Menace-Logo-e1764490565235.png,Bitcoin (BTC); Ethereum (ETH); USDT Tether (USDT); USDC (USDC); Solana (SOL); TRON (TRX); Dogecoin (DOGE); Cardano (ADA); Toncoin (TON); Avalanche (AVAX),MG Live (1); Ebaka (1); Animo (4); F*Bastards (14); Win Fast (34); Wazdan (50); Belatra (58); Origami (3); PGSoft (97); Microgaming (47),Dice & Craps (77); Towers (81); Sports betting (131); Scratch Cards (97); Provably Fair (103); Plinko (111); Mines (103); Keno (105); eSports Betting (122); Crash Games (145)
12,duckdice,DuckDice,12060,/casino/review/duckdice/,https://stg-coinbets-staging.kinsta.cloud/wp-content/uploads/2025/11/duckdice-logo-1-e1764491406812.png,Wrapped Bitcoin (WBTC); First Digital USD (FDUSD); NEAR Protocol (NEAR); TrueUSD (TUSD); Ravencoin (RVN); BitTorrent (BTTC); Tether Gold (XAUT); Decoy (DECOY); Notcoin (NOT); Bitcoin (BTC),,Dice & Craps (77); Sports betting (131); eSports Betting (122)
13,onlywin,Only.Win,12049,/casino/review/onlywin/,https://stg-coinbets-staging.kinsta.cloud/wp-content/uploads/2025/08/onlywin-logo.avif,Bitcoin (BTC); Ethereum (ETH); USDT Tether (USDT); USDC (USDC); Dogecoin (DOGE); Litecoin (LTC),Chilli Games (1); Smartbet (1); H27 Gaming (1); AGT Software (6); Enjoy Gaming (7); Lucky (32); Amatic Industries (47); Amusnet (54); NetGaming (13); G Games (14),Dice & Craps (77); Scratch Cards (97); Provably Fair (103); Plinko (111); Mines (103); Keno (105); Crash Games (145); Live Games (167); Baccarat (155); Jackpot Slots (176)
14,earnbet,EarnBet,12033,/casino/review/earnbet/,https://stg-coinbets-staging.kinsta.cloud/wp-content/uploads/2025/11/Earnbet-logo-e1764492567305.png,EarnBet (EBET); Bitcoin (BTC); Ethereum (ETH); USDT Tether (USDT); USDC (USDC); TRON (TRX); XRP (Ripple); Litecoin (LTC); Chainlink (LINK); Dai (DAI),BSG (7); Microgaming (47); Wishbone (2); Switch Studios (10); Eyecon (7); Snowborn Games (14); Northern Lights (11); Golden Rock Studios (8); PearFiction (10); Realistic Games (11),Dice & Craps (77); Scratch Cards (97); Plinko (111); Originals (83); Mines (103); Keno (105); Crash Games (145); Live Games (167); Baccarat (155); Jackpot Slots (176)
15,pigmo,Pigmo,12308,/casino/review/pigmo/,https://stg-coinbets-staging.kinsta.cloud/wp-content/uploads/2025/12/pigmo-logo-e1764664281862.png,Marinade Staked SOL (mSOL); Bitcoin (BTC); Ethereum (ETH); USDT Tether (USDT); USDC (USDC); Solana (SOL); Dogecoin (DOGE); Sui (SUI); Cardano (ADA); Avalanche (AVAX),Slotmill (97); AvatarUX (149); Habanero (133); Mascot Gaming (123); Playtech (94); Thunderkick (149); Fantasma Games (87); Nolimit City (161); Bgaming (146); Hacksaw Gaming (174),Dice & Craps (77); Scratch Cards (97); Provably Fair (103); Plinko (111); Originals (83); Mines (103); Keno (105); Crash Games (145); Live Games (167); Baccarat (155)
16,casinobet,Casinobet,12246,/casino/review/casinobet/,https://stg-coinbets-staging.kinsta.cloud/wp-content/uploads/2025/12/7084_500x250_dark.svg,Bitcoin (BTC); Ethereum (ETH); USDT Tether (USDT); Dogecoin (DOGE); XRP (Ripple); Litecoin (LTC),Speedy Tomatoes (1); F*Bastards (14); Win Fast (34); NetGaming (13); G Games (14); Belatra (58); PGSoft (97); 155 (16); Just Slots (18); Playnetic (7),Dice & Craps (77); Towers (81); Scratch Cards (97); Provably Fair (103); Plinko (111); Originals (83); Mines (103); Keno (105); Crash Games (145); Live Games (167)
17,odinbet,Odinbet,10032,/casino/review/odinbet/,https://stg-coinbets-staging.kinsta.cloud/wp-content/uploads/2025/11/9364_500x250_dark.svg,,,
18,upgrader-com,Upgrader,9969,/casino/review/upgrader-com/,https://stg-coinbets-staging.kinsta.cloud/wp-content/uploads/2025/11/upgrader-logo.png,,,
19,weiss,Weiss,13065,/casino/review/weiss/,https://stg-coinbets-staging.kinsta.cloud/wp-content/uploads/2025/12/Weiss-logo-small.png,Synthetic (SNX); Band Protocol (BAND); Maker (MKR); Yearn.Finance (YFI); The Graph (GRT); Decentraland (MANA); Stasis EURS (EURS); Pax Dollar (USDP); TrueUSD (TUSD); Bitcoin (BTC),Web3Originals (1); Dynabit (1); Spadegaming (45); Amatic Industries (47); F*Bastards (14); Belatra (58); PGSoft (97); PlayBro (8); Altente (23); Pateplay (23),Dice & Craps (77); Towers (81); Sports betting (131); Scratch Cards (97); Provably Fair (103); Plinko (111); Originals (83); Mines (103); Keno (105); eSports Betting (122)
20,blazebet,BlazeBet,13002,/casino/review/blazebet/,https://stg-coinbets-staging.kinsta.cloud/wp-content/uploads/2025/12/BlazeBet-logo-small.png,Bitcoin (BTC); Ethereum (ETH); USDT Tether (USDT); USDC (USDC); Solana (SOL); TRON (TRX); Dogecoin (DOGE); Dash (DASH); Cardano (ADA); Litecoin (LTC),Amatic Industries (47); Belatra (58); PGSoft (97); Pragmatic Play Live (42); VoltEnt (97); Popiplay (97); Gamzix (122); Habanero (133); Spinomenal (151); Playson (127),Dice & Craps (77); Originals (83); Crash Games (145); Live Games (167); Baccarat (155); Jackpot Slots (176); Slots (186); Blackjack (161); Roulette (156)
21,rollify,Rollify,9545,/casino/review/rollify/,https://stg-coinbets-staging.kinsta.cloud/wp-content/uploads/2025/11/Rollify-logo-e1764491045322.png,Bitcoin (BTC); Ethereum (ETH); USDT Tether (USDT); USDC (USDC); Solana (SOL); TRON (TRX); Sui (SUI); Toncoin (TON); Litecoin (LTC); Binance Coin (BNB),Win Fast (34); PGSoft (97); Pragmatic Play Live (42); Shady Lady (45); Jade Rabbit Studio (37); NetGame (96); VoltEnt (97); Octoplay (40); Booongo (31); Popiplay (97),Dice & Craps (77); Provably Fair (103); Plinko (111); Originals (83); Mines (103); Keno (105); Crash Games (145); Live Games (167); Baccarat (155); Jackpot Slots (176)
22,thrill,Thrill,9543,/casino/review/thrill/,https://stg-coinbets-staging.kinsta.cloud/wp-content/uploads/2025/11/Thrill.com-Casino-1-e1762143388922.png,Bitcoin (BTC); Ethereum (ETH); USDT Tether (USDT); USDC (USDC); Solana (SOL); TRON (TRX); Dogecoin (DOGE); Bitcoin Cash (BCH); XRP (Ripple); Litecoin (LTC),PGSoft (97); Fat Panda (10); Shady Lady (45); NowNow Gaming (38); Jade Rabbit Studio (37); Live88 (44); Red Rake Gaming (58); TrueLab Games (101); VoltEnt (97); Octoplay (40),Dice & Craps (77); Sports betting (131); Provably Fair (103); Plinko (111); Originals (83); Mines (103); Keno (105); eSports Betting (122); Crash Games (145); Live Games (167)
23,luckybird-io,Luckybird.io,9538,/casino/review/luckybird-io/,https://stg-coinbets-staging.kinsta.cloud/wp-content/uploads/2025/11/Luckbird.io_.png,,,
24,casinopunkz-io,CasinoPunkz.io,8607,/casino/review/casinopunkz-io/,https://stg-coinbets-staging.kinsta.cloud/wp-content/uploads/2025/10/Casinopunkz-logo-e1760692035874.png,The Sandbox (SAND); Bitcoin (BTC); Ethereum (ETH); USDT Tether (USDT); USDC (USDC); Solana (SOL); TRON (TRX); Dogecoin (DOGE); Toncoin (TON); XRP (Ripple),Animo (4); The Zone (1); Win Fast (34); G Games (14); Gametech (9); Neon Valley Studios (12); Microgaming (47); 155 (16); Pragmatic Play Live (42); Just Slots (18),Dice & Craps (77); Towers (81); Provably Fair (103); Plinko (111); Mines (103); Keno (105); Crash Games (145); Live Games (167); Baccarat (155); Jackpot Slots (176)
25,jacksclub-io,Jacksclub.io,7954,/casino/review/jacksclub-io/,https://stg-coinbets-staging.kinsta.cloud/wp-content/uploads/2025/10/Jacks-Club-500x250_dark-1.svg,,,
26,cybet,Cybet,7952,/casino/review/cybet/,https://stg-coinbets-staging.kinsta.cloud/wp-content/uploads/2025/10/Cybet-logo-e1760249140754.png,,,
27,l0tt0,L0tt0,7951,/casino/review/l0tt0/,https://stg-coinbets-staging.kinsta.cloud/wp-content/uploads/2025/10/lotto.png,,,
28,livecasino-io,Livecasino.io,7946,/casino/review/livecasino-io/,https://stg-coinbets-staging.kinsta.cloud/wp-content/uploads/2025/10/4779_500x250_dark-e1760248313756.png,,,
29,gamblr-io,Gamblr.io,7853,/casino/review/gamblr-io/,https://stg-coinbets-staging.kinsta.cloud/wp-content/uploads/2025/10/Gamblr-logo-e1760103270853.png,,,
30,betonline-ag,Betonline.ag,7756,/casino/review/betonline-ag/,https://stg-coinbets-staging.kinsta.cloud/wp-content/uploads/2025/10/ezgif.com-webp-to-png-31-e1760075158619.png,,,
31,chillistakes,ChilliStakes,7754,/casino/review/chillistakes/,https://stg-coinbets-staging.kinsta.cloud/wp-content/uploads/2025/10/logo-D6prMDBi.svg,,,
32,sportsbet-io,Sportsbet.io,7634,/casino/review/sportsbet-io/,https://stg-coinbets-staging.kinsta.cloud/wp-content/uploads/2025/10/sportsbet.io_logo0-e1760007318514.png,,,
33,xyes,Xyes,7603,/casino/review/xyes/,https://stg-coinbets-staging.kinsta.cloud/wp-content/uploads/2025/10/logo_385fb21883.svg,,,
34,celcius-casino,Celsius Casino,7565,/casino/review/celcius-casino/,https://stg-coinbets-staging.kinsta.cloud/wp-content/uploads/2025/10/CElsius.png-e1759901771213.webp,,,
35,csgoempire,CSGOEmpire,7552,/casino/review/csgoempire/,https://stg-coinbets-staging.kinsta.cloud/wp-content/uploads/2025/10/csgoempire.webp,,,
36,fortune-jack,FortuneJack,7523,/casino/review/fortune-jack/,https://stg-coinbets-staging.kinsta.cloud/wp-content/uploads/2025/10/7but-casino-logo-1-e1764683978177.png,Bitcoin (BTC); Ethereum (ETH); USDT Tether (USDT); USDC (USDC); Solana (SOL); TRON (TRX); Dogecoin (DOGE); Dash (DASH); Binance USD (BUSD); Litecoin (LTC),Imagine Live (3); Games Inc (2); Eurasian Gaming (32); Belatra (58); PGSoft (97); Microgaming (47); Fa Chai (10); Penguin King (43); INOUT (50); Lambda Gaming (20),Dice & Craps (77); Sports betting (131); Scratch Cards (97); Provably Fair (103); Plinko (111); Mines (103); Keno (105); eSports Betting (122); Crash Games (145); Live Games (167)
37,bitz-io,bitz,9541,/casino/review/bitz-io/,https://stg-coinbets-staging.kinsta.cloud/wp-content/uploads/2025/09/6932_500x250_dark-2.svg,Bitcoin (BTC); Ethereum (ETH); USDT Tether (USDT); USDC (USDC); TRON (TRX); Litecoin (LTC); Binance Coin (BNB),Eurasian Gaming (32); Amatic Industries (47); Amusnet (54); Belatra (58); PGSoft (97); Electric Elephant (19); Pragmatic Play Live (42); XPG (12); Penguin King (43); INOUT (50),Dice & Craps (77); Towers (81); Sports betting (131); Scratch Cards (97); Provably Fair (103); Plinko (111); Originals (83); Mines (103); Keno (105); eSports Betting (122)
38,hype-bet,hype.bet,6556,/casino/review/hype-bet/,https://stg-coinbets-staging.kinsta.cloud/wp-content/uploads/2025/08/hypebet-logo-2.avif,Bitcoin (BTC); Ethereum (ETH); USDT Tether (USDT); USDC (USDC); Solana (SOL); TRON (TRX); Dogecoin (DOGE); Cardano (ADA); Toncoin (TON); Bitcoin Cash (BCH),Spinza (1); Reggenn (1); QTech (1); Pipa Games (1); N2Games (1); Infingame (1); Hype Originals (1); Hub88 (1); Gaming1 (1); Bluebird Gaming (1),Loot Boxes (9); Dice & Craps (77); Towers (81); Sports betting (131); Scratch Cards (97); Provably Fair (103); Plinko (111); Originals (83); Mines (103); Lottery (58)
39,solcasino-io,Solcasino.io,6547,/casino/solcasino-io/,https://stg-coinbets-staging.kinsta.cloud/wp-content/uploads/2025/09/Solcasino-Logo-Small-Black-BG.jpg,Solcasino Token (SCS); Bitcoin (BTC); Ethereum (ETH); Solana (SOL); TRON (TRX); Dogecoin (DOGE); Dogwifhat (WIF); Avalanche (AVAX); Bitcoin Cash (BCH); Litecoin (LTC),Wazdan (50); Belatra (58); Reel Web (9); Four Leaf Gaming (33); NetGame (96); OnlyPlay (107); Bullshark Games (68); 1Spin4Win (103); Habanero (133); Playtech (94),Loot Boxes (9); Dice & Craps (77); Towers (81); Sports betting (131); Scratch Cards (97); Provably Fair (103); Plinko (111); Originals (83); Mines (103); Lottery (58)
40,1win,1win,6546,/casino/review/1win/,https://stg-coinbets-staging.kinsta.cloud/wp-content/uploads/2025/09/1win-logo.avif,Bitcoin (BTC); Ethereum (ETH); USDT Tether (USDT); TRON (TRX); Dogecoin (DOGE); Dash (DASH); Cardano (ADA); Bitcoin Cash (BCH); Monero (XMR); XRP (Ripple),RCT Gaming (2); Amusnet Live (5); Lucky (32); Tornado Games (16); Spadegaming (45); Amatic Industries (47); Amusnet (54); Wazdan (50); Prospect Gaming (13); High 5 Games (21),Dice & Craps (77); Sports betting (131); Scratch Cards (97); Lottery (58); eSports Betting (122); Crash Games (145); Baccarat (155); Jackpot Slots (176); Bingo (136); Slots (186)
41,1xbet,1xBet,6545,/casino/review/1xbet/,https://stg-coinbets-staging.kinsta.cloud/wp-content/uploads/2025/09/1xBet-logo.avif,Bitcoin (BTC); Ethereum (ETH); USDT Tether (USDT); USDC (USDC); NEO; DigByte (DGB); Solana (SOL); TRON (TRX); Dogecoin (DOGE); Toncoin (TON),YGR (6); Superlotto Games (9); Spinoramic (2); SpinX (2); Spintrax (2); SpinTribe (2); Spintech (3); Spintrill (2); SlotMatrix (4); ReelNRoll (2),Dice & Craps (77); Sports betting (131); Scratch Cards (97); Mines (103); Lottery (58); eSports Betting (122); Crash Games (145); Live Games (167); Baccarat (155); Jackpot Slots (176)
42,oshi,Oshi.io,6416,/casino/review/oshi/,https://stg-coinbets-staging.kinsta.cloud/wp-content/uploads/2025/08/Oshi-logo-2-e1758447955570.avif,Bitcoin (BTC); Ethereum (ETH); USDT Tether (USDT); TRON (TRX); Dogecoin (DOGE); Bitcoin Cash (BCH); XRP (Ripple); Litecoin (LTC); Binance Coin (BNB),Amusnet Live (5); Lucky (32); Jelly (17); Tornado Games (16); Spadegaming (45); Amatic Industries (47); Amusnet (54); Wazdan (50); Prospect Gaming (13); High 5 Games (21),Loot Boxes (9); Dice & Craps (77); Plinko (111); Lottery (58); Keno (105); Crash Games (145); Live Games (167); Baccarat (155); Jackpot Slots (176); Bingo (136)
43,duel,Duel,6289,/casino/review/duel/,https://stg-coinbets-staging.kinsta.cloud/wp-content/uploads/2025/10/duel-logo-e1759897466309.png,,PGSoft (97); Fat Panda (10); Shady Lady (45); Backseat Gaming (71); Bullshark Games (68); Print Studios (55); AvatarUX (149); Playtech (94); Peter & Sons (99); Spinomenal (151),Towers (81); Plinko (111); Crash Games (145); Slots (186); Blackjack (161)
44,0x-bet,0x.Bet,5438,/casino/review/0x-bet/,https://stg-coinbets-staging.kinsta.cloud/wp-content/uploads/2025/08/0xbet.avif,Bitcoin (BTC); Ethereum (ETH); USDT Tether (USDT); USDC (USDC); Bitcoin SV (BSV); Casino Coin (CSC); NEO; TRON (TRX); Dogecoin (DOGE); Cardano (ADA),Sexy Gaming (6); Eurasian Gaming (32); Amatic Industries (47); Amusnet (54); Win Fast (34); Prospect Gaming (13); Belatra (58); PGSoft (97); Mr Slotty (25); Max Win Gaming (21),Dice & Craps (77); Sports betting (131); Scratch Cards (97); Provably Fair (103); Plinko (111); Originals (83); Mines (103); Lottery (58); Keno (105); eSports Betting (122)
45,boomerang-casino,Boomerang Casino,5393,/casino/review/boomerang-casino/,https://stg-coinbets-staging.kinsta.cloud/wp-content/uploads/2025/08/boomerang-casino-main-logo-e1758474587755.avif,Bitcoin (BTC); Ethereum (ETH); USDT Tether (USDT); USDC (USDC); Dogecoin (DOGE); Cardano (ADA); Bitcoin Cash (BCH); XRP (Ripple); Litecoin (LTC),Game2Slot (2); Rakerocket (2); Ortiz (2); Spinberry (2); Imagine Live (3); PlayHub (4); Expanse Studios (7); Amatic Industries (47); Amusnet (54); PopOk Gaming (12),Dice & Craps (77); Sports betting (131); Scratch Cards (97); Provably Fair (103); Plinko (111); Mines (103); Lottery (58); Keno (105); eSports Betting (122); Crash Games (145)
46,5387,SkyCrown,5387,/casino/review/5387/,https://stg-coinbets-staging.kinsta.cloud/wp-content/uploads/2025/08/Skycrown-logo-main.avif,Bitcoin (BTC); Ethereum (ETH); USDT Tether (USDT); USDC (USDC); TRON (TRX); Dogecoin (DOGE); Bitcoin Cash (BCH); XRP (Ripple); Litecoin (LTC); Binance Coin (BNB),Platipuslive (12); Eurasian Gaming (32); Lucky (32); Tornado Games (16); Amatic Industries (47); Amusnet (54); Win Fast (34); Prospect Gaming (13); Atomic Slot Lab (24); Belatra (58),Dice & Craps (77); Scratch Cards (97); Provably Fair (103); Plinko (111); Mines (103); Keno (105); Crash Games (145); Live Games (167); Baccarat (155); Jackpot Slots (176)
47,zotabet,ZotaBet,5385,/casino/review/zotabet/,https://stg-coinbets-staging.kinsta.cloud/wp-content/uploads/2025/08/Zotabet-logo-main.avif,Bitcoin (BTC); Ethereum (ETH); USDT Tether (USDT); USDC (USDC); Solana (SOL); TRON (TRX); Dogecoin (DOGE); Cardano (ADA); Bitcoin Cash (BCH); XRP (Ripple),Eurasian Gaming (32); Ready Play Gaming (4); Lucky (32); Jelly (17); Tornado Games (16); Spadegaming (45); Amusnet (54); Triple Cherry (21); Win Fast (34); Wazdan (50),Dice & Craps (77); Towers (81); Sports betting (131); Scratch Cards (97); Provably Fair (103); Plinko (111); Mines (103); Keno (105); eSports Betting (122); Crash Games (145)
48,gamblezen,Gamblezen,5383,/casino/review/gamblezen/,https://stg-coinbets-staging.kinsta.cloud/wp-content/uploads/2025/08/gamblezen-logo2-e1758391640680.avif,Bitcoin (BTC); Ethereum (ETH); USDT Tether (USDT); TRON (TRX); Dogecoin (DOGE); Cardano (ADA); Litecoin (LTC),Platin Gaming (4); Eurasian Gaming (32); AGT Software (6); Oriental Game (2); LiveGames (4); TPG (4); Amatic Industries (47); Amusnet (54); GoldenRace (10); PopOk Gaming (12),Dice & Craps (77); Scratch Cards (97); Provably Fair (103); Plinko (111); Mines (103); Lottery (58); Keno (105); Crash Games (145); Live Games (167); Baccarat (155)
49,7bitcasino,7BitCasino,5338,/casino/review/7bitcasino/,https://stg-coinbets-staging.kinsta.cloud/wp-content/uploads/2025/08/7-bit-casino-scaled-e1758373424837.avif,Bitcoin (BTC); Ethereum (ETH); USDT Tether (USDT); USDC (USDC); TRON (TRX); Dogecoin (DOGE); Cardano (ADA); Bitcoin Cash (BCH); XRP (Ripple); Litecoin (LTC),Lucky (32); Wazdan (50); PGSoft (97); SpinOn (21); Eyecon (7); Winfinity (51); Reel Web (9); AceRun (23); Hot Rise Games (12); Golden Hero (37),Dice & Craps (77); Towers (81); Provably Fair (103); Plinko (111); Mines (103); Lottery (58); Keno (105); Crash Games (145); Live Games (167); Baccarat (155)
50,toshi-bet,Toshi.Bet,5329,/casino/review/toshi-bet/,https://stg-coinbets-staging.kinsta.cloud/wp-content/uploads/2025/08/Toshi-bet-logo.avif,Z Coin (ZCOIN); Bitcoin (BTC); Ethereum (ETH); USDT Tether (USDT); USDC (USDC); Ordinal (ORDI); Solana (SOL); TRON (TRX); Dogecoin (DOGE); Dash (DASH),Red Rake Gaming (58); Backseat Gaming (71); GameArt (101); Nolimit City (161); Bgaming (146); Evolution (158); Pragmatic Play (169),Dice & Craps (77); Towers (81); Sports betting (131); Scratch Cards (97); Provably Fair (103); Plinko (111); Originals (83); Mines (103); Lottery (58); Keno (105)
51,gg-bet,GG.Bet,5309,/casino/review/gg-bet/,https://stg-coinbets-staging.kinsta.cloud/wp-content/uploads/2025/08/GG.Bet_.avif,Bitcoin (BTC); Ethereum (ETH); USDT Tether (USDT); Toncoin (TON); Litecoin (LTC); Binance Coin (BNB),Eurasian Gaming (32); Amusnet (54); Win Fast (34); Atomic Slot Lab (24); EGT (19); Zitro Games (10); Upgaming (7); SpinFury (5); Penguin King (43); Naga Games (11),Dice & Craps (77); Sports betting (131); Provably Fair (103); Plinko (111); Mines (103); eSports Betting (122); Crash Games (145); Live Games (167); Baccarat (155); Jackpot Slots (176)
52,rocketplay,RocketPlay,5302,/casino/review/rocketplay/,https://stg-coinbets-staging.kinsta.cloud/wp-content/uploads/2025/08/rocketplay-2-1.avif,Bitcoin (BTC); Ethereum (ETH); USDT Tether (USDT); Dogecoin (DOGE); Bitcoin Cash (BCH); Litecoin (LTC),CG Games (3); Platipuslive (12); ESA Gaming (4); Enjoy Gaming (7); Lucky (32); Tornado Games (16); Amatic Industries (47); F*Bastards (14); Slot Factory (15); PopOk Gaming (12),Dice & Craps (77); Towers (81); Sports betting (131); Scratch Cards (97); Provably Fair (103); Plinko (111); Mines (103); Lottery (58); eSports Betting (122); Crash Games (145)
53,jackpotter,Jackpotter,5299,/casino/review/jackpotter/,https://stg-coinbets-staging.kinsta.cloud/wp-content/uploads/2025/08/Jackpotter-logo-e1758082436156.avif,Bitcoin (BTC); Ethereum (ETH); USDT Tether (USDT); USDC (USDC); TRON (TRX); Dogecoin (DOGE); Toncoin (TON); Bitcoin Cash (BCH); XRP (Ripple); Litecoin (LTC),Eurasian Gaming (32); High 5 Games (21); PGSoft (97); Microgaming (47); WeAreCasino (3); Super Spade Games (6); SA Gaming (13); Lambda Gaming (20); Elbet (7); Concept Gaming (12),Dice & Craps (77); Towers (81); Sports betting (131); Scratch Cards (97); Provably Fair (103); Plinko (111); Originals (83); Mines (103); Lottery (58); Keno (105)
54,moonroll,Moonroll.io,5236,/casino/review/moonroll/,https://stg-coinbets-staging.kinsta.cloud/wp-content/uploads/2025/08/moonroll-logo1.avif,Bitcoin (BTC); Ethereum (ETH); USDT Tether (USDT); USDC (USDC); Moon Roll Coin (MRC); Solana (SOL); TRON (TRX); Dogecoin (DOGE); Avalanche (AVAX); Bitcoin Cash (BCH),Trusty Gaming (31); Bitpunch (17); HungryBear Gaming (27); Kitsune Studios (28); Reflex Gaming (39); NetGame (96); Backseat Gaming (71); AvatarUX (149); 1Spin4Win (103); Peter & Sons (99),Dice & Craps (77); Towers (81); Sports betting (131); Scratch Cards (97); Provably Fair (103); Plinko (111); Originals (83); Mines (103); Lottery (58); Keno (105)
55,casino-bitcoin,BitcoinVIP Casino,5233,/casino/review/casino-bitcoin/,https://stg-coinbets-staging.kinsta.cloud/wp-content/uploads/2025/08/logo-desktop.svg,Bitcoin (BTC); Ethereum (ETH); USDT Tether (USDT); USDC (USDC); Solana (SOL); TRON (TRX); Dogecoin (DOGE); Cardano (ADA); Bitcoin Cash (BCH); XRP (Ripple),Wazdan (50); iMoon (8); PGSoft (97); Shady Lady (45); Winfinity (51); VoltEnt (97); TaDa Gaming (48); Popiplay (97); Ezugi (102); Tom Horn Gaming (111),Dice & Craps (77); Towers (81); Sports betting (131); Scratch Cards (97); Provably Fair (103); Plinko (111); Originals (83); Mines (103); Lottery (58); Keno (105)
56,flush-2,Flush,5232,/casino/review/flush/,https://stg-coinbets-staging.kinsta.cloud/wp-content/uploads/2025/08/Flush-Logo.avif,Bitcoin (BTC); Ethereum (ETH); USDT Tether (USDT); USDC (USDC); Dogecoin (DOGE); XRP (Ripple); Litecoin (LTC); Binance Coin (BNB); Polygon (MATIC),F*Bastards (14); Win Fast (34); Wazdan (50); Gametech (9); PGSoft (97); Microgaming (47); Indigo Magic (4); Tom Horn Gaming (111); AvatarUX (149); Habanero (133),Sports betting (131); Scratch Cards (97); Provably Fair (103); eSports Betting (122); Crash Games (145); Live Games (167); Baccarat (155); Jackpot Slots (176); Bingo (136); Slots (186)
57,bethog,Bethog,5230,/casino/review/bethog/,https://stg-coinbets-staging.kinsta.cloud/wp-content/uploads/2025/08/f4bd261d44ca98bf9aa865e7e148b407aa34450a.avif,Bitcoin (BTC); Ethereum (ETH); USDT Tether (USDT); USDC (USDC); Solana (SOL); TRON (TRX); XRP (Ripple); Litecoin (LTC); Binance Coin (BNB),TPG (4); Bethog Originals (2); PGSoft (97); NowNow Gaming (38); Jade Rabbit Studio (37); TrueLab Games (101); VoltEnt (97); Octoplay (40); Backseat Gaming (71); Bullshark Games (68),Towers (81); Sports betting (131); Scratch Cards (97); Provably Fair (103); Plinko (111); Originals (83); Mines (103); Lottery (58); Keno (105); eSports Betting (122)
58,crypto-games,Crypto-Games.io,5229,/casino/review/crypto-games/,https://stg-coinbets-staging.kinsta.cloud/wp-content/uploads/2025/08/Cryptogames-logo.avif,Bitcoin (BTC); Ethereum (ETH); USDT Tether (USDT); USDC (USDC); TRON (TRX); Dogecoin (DOGE); XRP (Ripple); Litecoin (LTC); Stellar (XLM),Superlotto Games (9); Eurasian Gaming (32); Spadegaming (45); Amatic Industries (47); Triple Cherry (21); Win Fast (34); Lotto Instant Win (4); PGSoft (97); XPG (12); Winfinity (51),Sports betting (131); eSports Betting (122); Crash Games (145); Live Games (167); Baccarat (155); Jackpot Slots (176); Bingo (136); Blackjack (161); Poker (165); Roulette (156)
59,betplay,Betplay.io,5228,/casino/review/betplay/,https://stg-coinbets-staging.kinsta.cloud/wp-content/uploads/2025/08/Betplay-Logo.avif,Bitcoin (BTC); Ethereum (ETH); USDT Tether (USDT); USDC (USDC); Solana (SOL); TRON (TRX); Dogecoin (DOGE); Toncoin (TON); Monero (XMR); XRP (Ripple),Betplay (2); Win Fast (34); Atomic Slot Lab (24); Belatra (58); iMoon (8); Neon Valley Studios (12); Microgaming (47); Stormcraft (17); Winfinity (51); RAW iGaming (15),Sports betting (131); Provably Fair (103); Plinko (111); Originals (83); Mines (103); Keno (105); eSports Betting (122); Crash Games (145); Live Games (167); Baccarat (155)
60,bluechip,Bluechip.io,5227,/casino/review/bluechip/,https://stg-coinbets-staging.kinsta.cloud/wp-content/uploads/2025/08/bluechip-logo-e1757590946183.avif,Bitcoin (BTC); Ethereum (ETH); USDT Tether (USDT); TRON (TRX); Dogecoin (DOGE); Bitcoin Cash (BCH); XRP (Ripple); Litecoin (LTC); Binance Coin (BNB),WM Casino (2); Rich88 (2); MT Games (2); Sexy Gaming (6); YGR (6); Superlotto Games (9); Formula Spin (9); Eurasian Gaming (32); W Casino (2); Veliplay (2),Dice & Craps (77); Sports betting (131); Scratch Cards (97); Provably Fair (103); Plinko (111); Mines (103); Keno (105); eSports Betting (122); Crash Games (145); Live Games (167)
61,luck-io,Luck.io,5226,/casino/review/luck-io/,https://stg-coinbets-staging.kinsta.cloud/wp-content/uploads/2025/08/Luck-Logo.avif,Wrapped Solana (wSOL); USDT Tether (USDT); USDC (USDC); Solana (SOL),Luck.io Originals (1),Towers (81); Provably Fair (103); Plinko (111); Originals (83); Mines (103); Crash Games (145); Jackpot Slots (176); Slots (186); Blackjack (161); Roulette (156)
62,k8-io,k8.io,5225,/casino/review/k8-io/,https://stg-coinbets-staging.kinsta.cloud/wp-content/uploads/2025/08/k8io-logo.avif,Bitcoin (BTC); Ethereum (ETH); USDT Tether (USDT); USDC (USDC); TRON (TRX); Dogecoin (DOGE); Bitcoin Cash (BCH); XRP (Ripple); Litecoin (LTC); Binance Coin (BNB),Spadegaming (45); Yolted (7); Gametech (9); PGSoft (97); Microgaming (47); Fat Panda (10); JILI Games (18); NetGame (96); Turbo Games (73); Gamzix (122),Sports betting (131); Scratch Cards (97); Lottery (58); Keno (105); eSports Betting (122); Live Games (167); Baccarat (155); Jackpot Slots (176); Bingo (136); Slots (186)
63,winna,Winna,5224,/casino/review/winna/,https://stg-coinbets-staging.kinsta.cloud/wp-content/uploads/2025/08/Winna-logo-e1757525747149.avif,Bitcoin (BTC); Ethereum (ETH); USDT Tether (USDT); USDC (USDC); Solana (SOL); TRON (TRX); Dogecoin (DOGE); Toncoin (TON); XRP (Ripple); Litecoin (LTC),Reel Kingdom (1); Spadegaming (45); Wazdan (50); NetGaming (13); Belatra (58); Yolted (7); Gametech (9); PGSoft (97); Microgaming (47); Fat Panda (10),Towers (81); Sports betting (131); Scratch Cards (97); Provably Fair (103); Plinko (111); Originals (83); Mines (103); Keno (105); eSports Betting (122); Crash Games (145)
64,vave,Vave,5223,/casino/review/vave/,https://stg-coinbets-staging.kinsta.cloud/wp-content/uploads/2025/08/Vave-Logo.avif,Bitcoin (BTC); Ethereum (ETH); USDT Tether (USDT); USDC (USDC); TRON (TRX); Dogecoin (DOGE); Cardano (ADA); Toncoin (TON); Bitcoin Cash (BCH); XRP (Ripple),Urgent Games (6); Ready Play Gaming (4); Lucky (32); Jelly (17); Atomic Slot Lab (24); Vave Originals (3); PGSoft (97); Microgaming (47); Adlunam (16); AceRun (23),Sports betting (131); Originals (83); eSports Betting (122); Live Games (167); Baccarat (155); Jackpot Slots (176); Bingo (136); Slots (186); Blackjack (161); Poker (165)
65,5221,Ybets,5221,/casino/review/5221/,https://stg-coinbets-staging.kinsta.cloud/wp-content/uploads/2025/08/Ybets-logo.avif,Bitcoin (BTC); Ethereum (ETH); USDT Tether (USDT); USDC (USDC); TRON (TRX); Bitcoin Cash (BCH); Litecoin (LTC),Eurasian Gaming (32); Technology (8); Lucky (32); Jelly (17); Amusnet (54); Win Fast (34); Wazdan (50); BSG (7); Belatra (58); PGSoft (97),Sports betting (131); Originals (83); eSports Betting (122); Crash Games (145); Live Games (167); Baccarat (155); Jackpot Slots (176); Bingo (136); Slots (186); Blackjack (161)
66,goated-com,Goated,5220,/casino/review/goated-com/,https://stg-coinbets-staging.kinsta.cloud/wp-content/uploads/2025/08/Goated-logo.avif,Goated (GOATED); Bitcoin (BTC); Ethereum (ETH); USDT Tether (USDT); USDC (USDC); Solana (SOL); TRON (TRX); Dogecoin (DOGE); Cardano (ADA); Avalanche (AVAX),Backseat Gaming (71); AvatarUX (149); Spinomenal (151); Thunderkick (149); Gamomat (87); Elk Studios (71); Blueprint Gaming (115); Big Time Gaming (149); Amigo Gaming (73); 3 Oaks Gaming (109),Towers (81); Sports betting (131); Scratch Cards (97); Provably Fair (103); Plinko (111); Originals (83); Mines (103); Keno (105); eSports Betting (122); Crash Games (145)
67,tower-bet,Tower.bet,5219,/casino/review/tower-bet/,https://stg-coinbets-staging.kinsta.cloud/wp-content/uploads/2025/08/tower-bet-logo.avif,EOS; Bitcoin (BTC); Ethereum (ETH); USDT Tether (USDT); USDC (USDC); Solana (SOL); TRON (TRX); Dash (DASH); Cardano (ADA); Toncoin (TON),Superlotto Games (9); Eurasian Gaming (32); Spadegaming (45); Triple Cherry (21); GoldenRace (10); BETER Live (4); Vela Gaming (1); Orbital Gaming (26); Galaxsys (26); Spearhead Studios (25),Towers (81); Sports betting (131); Scratch Cards (97); Provably Fair (103); Plinko (111); Originals (83); Mines (103); Lottery (58); Keno (105); eSports Betting (122)
68,playbet-io,Playbet.io,5218,/casino/review/playbet-io/,https://stg-coinbets-staging.kinsta.cloud/wp-content/uploads/2025/08/Playbet-logo.avif,Bitcoin (BTC); Ethereum (ETH); USDT Tether (USDT); TRON (TRX); Dogecoin (DOGE); Cardano (ADA); Bitcoin Cash (BCH); XRP (Ripple); Binance Coin (BNB),Lucky (32); Jelly (17); Amusnet (54); PGSoft (97); Golden Hero (37); Spearhead Studios (25); R. Franco Games (22); HungryBear Gaming (27); Bang Bang Games (58); 4ThePlayer (50),Sports betting (131); Scratch Cards (97); Lottery (58); eSports Betting (122); Crash Games (145); Live Games (167); Baccarat (155); Jackpot Slots (176); Bingo (136); Slots (186)
69,tsars-com,Tsars,5217,/casino/review/tsars-com/,https://stg-coinbets-staging.kinsta.cloud/wp-content/uploads/2025/08/Tsars-logo-e1757347543931.avif,Bitcoin (BTC); Ethereum (ETH); USDT Tether (USDT); USDC (USDC); Solana (SOL); TRON (TRX); Dogecoin (DOGE); Cardano (ADA); Bitcoin Cash (BCH); XRP (Ripple),Apricot (4); Amatic Industries (47); F*Bastards (14); Amusnet (54); Wazdan (50); High 5 Games (21); G Games (14); EGT (19); Yolted (7); PGSoft (97),Dice & Craps (77); Scratch Cards (97); Provably Fair (103); Plinko (111); Mines (103); Lottery (58); Keno (105); Crash Games (145); Live Games (167); Baccarat (155)
70,wolfbet,Wolfbet,5216,/casino/review/wolfbet/,https://stg-coinbets-staging.kinsta.cloud/wp-content/uploads/2025/08/wolfbet-logo-2.avif,Optimism (Op); Bitcoin (BTC); Ethereum (ETH); USDT Tether (USDT); USDC (USDC); Solana (SOL); TRON (TRX); Dogecoin (DOGE); Cardano (ADA); Ethereum Classic (ETC),Eurasian Gaming (32); Tornado Games (16); Spadegaming (45); ReadyGG (1); Copacabana Games (5); Amatic Industries (47); Belatra (58); PGSoft (97); Vibra Gaming (19); Orbital Gaming (26),Sports betting (131); Lottery (58); eSports Betting (122); Crash Games (145); Live Games (167); Baccarat (155); Jackpot Slots (176); Bingo (136); Slots (186); Blackjack (161)
71,metaspins,Metaspins,5215,/casino/review/metaspins/,https://stg-coinbets-staging.kinsta.cloud/wp-content/uploads/2025/08/Metaspins-Logo-e1757345192135.avif,Bitcoin (BTC); Ethereum (ETH); USDT Tether (USDT); USDC (USDC); Solana (SOL); TRON (TRX); Dogecoin (DOGE); Bitcoin Cash (BCH); XRP (Ripple); Litecoin (LTC),Amusnet (54); Win Fast (34); Wazdan (50); Slot Factory (15); Prospect Gaming (13); PopOk Gaming (12); NetGaming (13); High 5 Games (21); Edict (6); Betby (2),Sports betting (131); Provably Fair (103); eSports Betting (122); Crash Games (145); Live Games (167); Baccarat (155); Jackpot Slots (176); Bingo (136); Slots (186); Blackjack (161)
72,howl,Howl.gg,5214,/casino/review/howl/,https://stg-coinbets-staging.kinsta.cloud/wp-content/uploads/2025/08/howl.gg-logo.avif,Bitcoin (BTC); Ethereum (ETH); USDT Tether (USDT); USDC (USDC); Solana (SOL); TRON (TRX); Dogecoin (DOGE); Cardano (ADA); Avalanche (AVAX); EOS (EOS),PGSoft (97); NetGame (96); TrueLab Games (101); Slotmill (97); Mascot Gaming (123); Platipus (101); Felix Gaming (73); Fugaso (103); Thunderkick (149); Push Gaming (128),Towers (81); Sports betting (131); Scratch Cards (97); Provably Fair (103); Plinko (111); Originals (83); Mines (103); Lottery (58); Keno (105); eSports Betting (122)
73,500-casino,500.Casino,5213,/casino/review/500-casino/,https://stg-coinbets-staging.kinsta.cloud/wp-content/uploads/2025/08/500-loog-e1757394814206.avif,Stellar Lumes (XLM); Bitcoin (BTC); Ethereum (ETH); USDT Tether (USDT); USDC (USDC); Solana (SOL); TRON (TRX); Dogecoin (DOGE); Cardano (ADA); Avalanche (AVAX),Slots (2); PGSoft (97); 155 (16); Just Slots (18); Shady Lady (45); Ace Roll (23); Penguin King (43); Trusty Gaming (31); ELA Games (26); NowNow Gaming (38),Loot Boxes (9); Dice & Craps (77); Towers (81); Sports betting (131); Scratch Cards (97); Provably Fair (103); Plinko (111); Originals (83); Mines (103); Lottery (58)
74,thunderpick-io,Thunderpick.io,5212,/casino/review/thunderpick-io/,https://stg-coinbets-staging.kinsta.cloud/wp-content/uploads/2025/08/Thunderpick-logo-1-e1757250216981.avif,Bitcoin (BTC); Ethereum (ETH); USDT Tether (USDT); USDC (USDC); Solana (SOL); TRON (TRX); Dogecoin (DOGE); Cardano (ADA); Bitcoin Cash (BCH); XRP (Ripple),Spadegaming (45); Wazdan (50); EGT (19); Spinthon (17); MGA Games (15); Jade Rabbit Studio (37); Boomerang Studios (46); Bang Bang Games (58); Bad Dingo (5); Atmosfera (21),Sports betting (131); Plinko (111); Originals (83); Mines (103); Lottery (58); eSports Betting (122); Crash Games (145); Live Games (167); Baccarat (155); Jackpot Slots (176)
75,blockbet-gg,Blockbet.gg,5211,/casino/review/blockbet-gg/,https://stg-coinbets-staging.kinsta.cloud/wp-content/uploads/2025/08/blockbetgg-logo.avif,Flow (FLOW); Crown by Third Time Games (CROWN); Bitcoin (BTC); Ethereum (ETH); USDT Tether (USDT); USDC (USDC); Blockassest; Solana (SOL); TRON (TRX); Dogecoin (DOGE),Apricot (4); Formula Spin (9); NetGaming (13); G Games (14); Dawn (2); Crash Games (2); Art (2); PGSoft (97); Darwin Gaming (9); Shady Lady (45),Dice & Craps (77); Towers (81); Sports betting (131); Scratch Cards (97); Provably Fair (103); Plinko (111); Originals (83); Mines (103); Lottery (58); Keno (105)
76,whale-io,Whale.io,5210,/casino/review/whale-io/,https://stg-coinbets-staging.kinsta.cloud/wp-content/uploads/2025/08/Whale-Logo-e1757231988632.avif,Launch On (USD1); Celo Dollar (CUSD); Notcoin (NOT); MAGA (TRUMP); Bitcoin (BTC); Ethereum (ETH); USDT Tether (USDT); USDC (USDC); Celo USD (CUSD); Solana (SOL),Spadegaming (45); Mines (1); PGSoft (97); Darwin Gaming (9); Rogue (27); Turbo Games (73); AvatarUX (149); Bombay Live (6); Evoplay (118); Spribe (112),Towers (81); Sports betting (131); Provably Fair (103); Originals (83); Mines (103); eSports Betting (122); Crash Games (145); Live Games (167); Baccarat (155); Jackpot Slots (176)
77,sol-casino,Sol.Casino,5172,/casino/review/sol-casino/,https://stg-coinbets-staging.kinsta.cloud/wp-content/uploads/2025/08/Sol-casino-e1757242298156.avif,Bitcoin (BTC); Ethereum (ETH); USDT Tether (USDT); Solana (SOL); Dogecoin (DOGE); Bitcoin Cash (BCH); Litecoin (LTC),Amusnet (54); Wazdan (50); Phoenix 7 (6); PGSoft (97); 100 HP Gaming (29); Bang Bang Games (58); Mancala Gaming (87); NetGame (96); Lucky Streak (41); TrueLab Games (101),Sports betting (131); Plinko (111); Keno (105); eSports Betting (122); Crash Games (145); Live Games (167); Baccarat (155); Jackpot Slots (176); Bingo (136); Slots (186)
78,chips-casino,Chips.gg,5171,/casino/review/chips-casino/,https://stg-coinbets-staging.kinsta.cloud/wp-content/uploads/2025/08/chips-logo.avif,Bitcoin (BTC); Ethereum (ETH); USDC (USDC); TRON (TRX); Binance USD (BUSD); XRP (Ripple); Litecoin (LTC); Binance Coin (BNB); Shiba Inu (SHIB); Dai (DAI),PGSoft (97); Push Gaming (128); Big Time Gaming (149); Endorphina (161); Nolimit City (161); Yggdrasil (129); Play’n GO (132); Bgaming (146); Relax Gaming (145); Hacksaw Gaming (174),Towers (81); Sports betting (131); Provably Fair (103); Plinko (111); Originals (83); Mines (103); eSports Betting (122); Crash Games (145); Live Games (167); Baccarat (155)
79,gamba-casino,Gamba,5167,/casino/review/gamba-casino/,https://stg-coinbets-staging.kinsta.cloud/wp-content/uploads/2025/08/Gamba-logo-e1757227015126.avif,Bitcoin (BTC); Ethereum (ETH); USDT Tether (USDT); USDC (USDC); Dogecoin (DOGE); Dash (DASH); XRP (Ripple); Litecoin (LTC),Amatic Industries (47); Win Fast (34); Wazdan (50); High 5 Games (21); Atomic Slot Lab (24); Belatra (58); PGSoft (97); Max Win Gaming (21); Golden Hero (37); NowNow Gaming (38),Towers (81); Sports betting (131); Scratch Cards (97); Provably Fair (103); Plinko (111); Originals (83); Mines (103); Lottery (58); Keno (105); eSports Betting (122)
80,winspirit-casino,Winspirit,5166,/casino/review/winspirit-casino/,https://stg-coinbets-staging.kinsta.cloud/wp-content/uploads/2025/08/Winspirit-logo-e1757225472947.avif,Bitcoin (BTC); Ethereum (ETH); USDT Tether (USDT); USDC (USDC); Litecoin (LTC); Binance Coin (BNB),Zephyr Slots (4); Kendoo (4); Enjoy Gaming (7); Technology (8); Spadegaming (45); Amatic Industries (47); PopOk Gaming (12); Edict (6); Belatra (58); Thunderspin (19),Sports betting (131); eSports Betting (122); Crash Games (145); Live Games (167); Baccarat (155); Jackpot Slots (176); Slots (186); Blackjack (161); Poker (165); Roulette (156)
81,mystake-casino,MyStake,5165,/casino/review/mystake-casino/,https://stg-coinbets-staging.kinsta.cloud/wp-content/uploads/2025/08/Mystake.avif,Bitcoin (BTC); Ethereum (ETH); USDT Tether (USDT); USDC (USDC); TRON (TRX); Dogecoin (DOGE); Cardano (ADA); Bitcoin Cash (BCH); Litecoin (LTC),Amatic Industries (47); Wazdan (50); EGT (19); Stakelogic (39); JFTW (35); Blue Guru (9); Tom Horn Gaming (111); Slotmill (97); Foxium (18); iSoftBet (64),Sports betting (131); Scratch Cards (97); eSports Betting (122); Crash Games (145); Live Games (167); Baccarat (155); Jackpot Slots (176); Slots (186); Blackjack (161); Poker (165)
82,wild-io,Wild.io,3741,/casino/review/wild-io/,https://stg-coinbets-staging.kinsta.cloud/wp-content/uploads/2025/07/wildio-logo-e1754730089629.avif,Bitcoin (BTC); Ethereum (ETH); USDT Tether (USDT); Solana (SOL); TRON (TRX); Dogecoin (DOGE); Cardano (ADA); Bitcoin Cash (BCH); Monero (XMR); XRP (Ripple),Platipuslive (12); BETER Live (4); Wazdan (50); Slot Factory (15); Belatra (58); PGSoft (97); Electric Elephant (19); Pragmatic Play Live (42); Winspinity (8); Winfinity (51),Dice & Craps (77); Towers (81); Sports betting (131); Scratch Cards (97); Provably Fair (103); Plinko (111); Originals (83); Mines (103); Lottery (58); Keno (105)
83,bitcasino,Bitcasino.io,3450,/casino/review/bitcasino/,https://stg-coinbets-staging.kinsta.cloud/wp-content/uploads/2025/07/Bitcasino-logo.avif,Bitcoin (BTC); Ethereum (ETH); USDT Tether (USDT); USDC (USDC); TRON (TRX); Dogecoin (DOGE); Cardano (ADA); Toncoin (TON); XRP (Ripple); Litecoin (LTC),Amusnet (54); Win Fast (34); Phoenix 7 (6); PlayAce (2); Origami (3); Bitblox (2); Neon Valley Studios (12); PGSoft (97); 155 (16); Just Slots (18),Towers (81); Scratch Cards (97); Provably Fair (103); Plinko (111); Originals (83); Mines (103); Keno (105); Crash Games (145); Live Games (167); Baccarat (155)
84,bitsler,Bitsler,3409,/casino/review/bitsler/,https://stg-coinbets-staging.kinsta.cloud/wp-content/uploads/2025/07/bitsler-casino.png.avif,Bitcoin (BTC); Ethereum (ETH); USDT Tether (USDT); NEO; Dogecoin (DOGE); Dash (DASH); Cardano (ADA); Ethereum Classic (ETC); Bitcoin Cash (BCH); XRP (Ripple),Bitsler Games (2); Lucky (32); Win Fast (34); Wazdan (50); Atomic Slot Lab (24); EGT (19); Gametech (9); PGSoft (97); Mr Slotty (25); Microgaming (47),Towers (81); Sports betting (131); Scratch Cards (97); Provably Fair (103); Plinko (111); Originals (83); Mines (103); Keno (105); eSports Betting (122); Crash Games (145)
85,jackbit,Jackbit,3728,/casino/review/jackbit/,https://stg-coinbets-staging.kinsta.cloud/wp-content/uploads/2025/07/Jackbit-logo.avif,Bitcoin (BTC); Ethereum (ETH); USDT Tether (USDT); USDC (USDC); Solana (SOL); TRON (TRX); Dogecoin (DOGE); Dash (DASH); Cardano (ADA); Bitcoin Cash (BCH),Eurasian Gaming (32); Spadegaming (45); Amusnet (54); Wazdan (50); Patagonia (3); Axolotl Games (2); Skillzz (8); PGSoft (97); Mr Slotty (25); Microgaming (47),Dice & Craps (77); Sports betting (131); Scratch Cards (97); Provably Fair (103); Plinko (111); Keno (105); eSports Betting (122); Crash Games (145); Live Games (167); Baccarat (155)
86,fairspin,Fairspin,3451,/casino/review/fairspin/,https://stg-coinbets-staging.kinsta.cloud/wp-content/uploads/2025/08/FAIRSPIN-logo-e1754811729357.avif,Bitcoin (BTC); Ethereum (ETH); USDT Tether (USDT); USDC (USDC); Solana (SOL); TRON (TRX); Dogecoin (DOGE); Aave (AAVE); Dash (DASH); Cardano (ADA),Eurasian Gaming (32); Spadegaming (45); F*Bastards (14); Triple Cherry (21); Tangete (3); iMoon (8); Fairspin Originals (3); Epic Media (3); CopyStake (3); Charismatic (7),Dice & Craps (77); Towers (81); Sports betting (131); Provably Fair (103); Plinko (111); Originals (83); Mines (103); Keno (105); eSports Betting (122); Crash Games (145)
87,bitstarz-casino,BitStarz,1634,/casino/review/bitstarz-casino/,https://stg-coinbets-staging.kinsta.cloud/wp-content/uploads/2025/08/bitstarz-logo-1.avif,Bitcoin (BTC); Ethereum (ETH); USDT Tether (USDT); USDC (USDC); Solana (SOL); TRON (TRX); Dogecoin (DOGE); Cardano (ADA); Bitcoin Cash (BCH); XRP (Ripple),Platipuslive (12); Lucky (32); Amatic Industries (47); Max Win Gaming (21); Electric Elephant (19); Originals (5); Adlunam (16); Trusty Gaming (31); IGT (8); Bang Bang Games (58),Dice & Craps (77); Towers (81); Scratch Cards (97); Provably Fair (103); Plinko (111); Originals (83); Mines (103); Keno (105); Crash Games (145); Live Games (167)
88,betpanda,BetPanda.io,496,/casino/review/betpanda/,https://stg-coinbets-staging.kinsta.cloud/wp-content/uploads/2025/08/6133_500x250_dark2-e1758269057696.avif,Bitcoin (BTC); Ethereum (ETH); USDT Tether (USDT); Solana (SOL); XRP (Ripple); Binance Coin (BNB); Polkadot (DOT); Polygon (MATIC); Shiba Inu (SHIB),Win Fast (34); Atomic Slot Lab (24); Dragoon Soft (5); Playtech Live (3); Microgaming (47); Fa Chai (10); Pragmatic Play Live (42); Just Slots (18); MannaPlay (7); Spinlogic (7),Sports betting (131); Provably Fair (103); Plinko (111); Originals (83); Keno (105); eSports Betting (122); Crash Games (145); Live Games (167); Baccarat (155); Jackpot Slots (176)
89,lucky-block,Lucky Block,480,/casino/review/lucky-block/,https://stg-coinbets-staging.kinsta.cloud/wp-content/uploads/2025/08/Luckyblocklogo-e1757248072325.avif,Bitcoin (BTC); Ethereum (ETH); USDT Tether (USDT); USDC (USDC); Solana (SOL); TRON (TRX); Dogecoin (DOGE); Sui (SUI); Cardano (ADA); Toncoin (TON),Wazdan (50); Red Rake Gaming (58); Habanero (133); GameArt (101); Spribe (112); Novomatic (96); 1x2gaming (76); Booming Games (137); Betsoft (142); Play’n GO (132),Sports betting (131); Originals (83); eSports Betting (122); Crash Games (145); Live Games (167); Baccarat (155); Jackpot Slots (176); Bingo (136); Slots (186); Poker (165)
90,tg-casino,TG.Casino,4120,/casino/review/tg-casino/,https://stg-coinbets-staging.kinsta.cloud/wp-content/uploads/2025/07/tgcasino-logo-1-e1754729490513.avif,Bitcoin (BTC); Ethereum (ETH); USDT Tether (USDT); USDC (USDC); Solana (SOL); TRON (TRX); Dogecoin (DOGE); Sui (SUI); Cardano (ADA); Toncoin (TON),Wazdan (50); Habanero (133); Mascot Gaming (123); Spinomenal (151); Spribe (112); Push Gaming (128); Oryx Gaming (71); Novomatic (96); Fantasma Games (87); Endorphina (161),Sports betting (131); Keno (105); eSports Betting (122); Crash Games (145); Live Games (167); Baccarat (155); Jackpot Slots (176); Bingo (136); Slots (186); Blackjack (161)
91,metawin-crypto,MetaWin,4111,/casino/review/metawin-crypto/,https://stg-coinbets-staging.kinsta.cloud/wp-content/uploads/2025/07/metawin-logo-e1754729434729.avif,Bitcoin (BTC); Ethereum (ETH); USDT Tether (USDT); USDC (USDC); Solana (SOL); TRON (TRX); Dogecoin (DOGE); EOS (EOS); Bitcoin Cash (BCH); XRP (Ripple),MetaWin Studios (1); Gladiator Games (1); High 5 Games (21); Atomic Slot Lab (24); PGSoft (97); Microgaming (47); Max Win Gaming (21); Shady Lady (45); Buckstakes Entertainment (9); Penguin King (43),Towers (81); Provably Fair (103); Plinko (111); Originals (83); Mines (103); Keno (105); Crash Games (145); Live Games (167); Baccarat (155); Jackpot Slots (176)
92,rakebit,RakeBit,4109,/casino/review/rakebit/,https://stg-coinbets-staging.kinsta.cloud/wp-content/uploads/2025/07/Rakebit-logo.avif,Bitcoin (BTC); Ethereum (ETH); USDT Tether (USDT); USDC (USDC); Solana (SOL); TRON (TRX); Dogecoin (DOGE); Toncoin (TON); Bitcoin Cash (BCH); XRP (Ripple),Rakebit Originals (2); Amatic Industries (47); NetGaming (13); PGSoft (97); KingMidas (10); Shady Lady (45); Winfinity (51); RAW iGaming (15); Naga Games (11); 100 HP Gaming (29),Towers (81); Sports betting (131); Provably Fair (103); Plinko (111); Originals (83); Mines (103); Keno (105); eSports Betting (122); Crash Games (145); Live Games (167)
93,instant-casino,Instant Casino,4107,/casino/review/instant-casino/,https://stg-coinbets-staging.kinsta.cloud/wp-content/uploads/2025/07/instantcasino-logo.avif,Bitcoin (BTC); Ethereum (ETH); USDT Tether (USDT); USDC (USDC); Solana (SOL); TRON (TRX); Dogecoin (DOGE); Sui (SUI); Cardano (ADA); Toncoin (TON),Microgaming (47); Octoplay (40); Evoplay (118); Thunderkick (149); Novomatic (96); Kalamba Games (112); Elk Studios (71); Blueprint Gaming (115); Nolimit City (161); Betsoft (142),Sports betting (131); eSports Betting (122); Crash Games (145); Live Games (167); Baccarat (155); Jackpot Slots (176); Bingo (136); Slots (186); Blackjack (161); Poker (165)
94,trust-dice,Trustdice,4074,/casino/review/trust-dice/,https://stg-coinbets-staging.kinsta.cloud/wp-content/uploads/2025/07/new-trustdice1-e1754729574316.avif,Trust Dice (TXT); Bitcoin (BTC); Ethereum (ETH); USDT Tether (USDT); TRUST ($TRUST); Solana (SOL); Dogecoin (DOGE); Cardano (ADA); Bitcoin Cash (BCH); Litecoin (LTC),Technology (8); Amusnet (54); Win Fast (34); EGT (19); Belatra (58); PGSoft (97); Microgaming (47); Atsupachi (4); Winfinity (51); Quickfire (19),Sports betting (131); Provably Fair (103); Plinko (111); Originals (83); Keno (105); eSports Betting (122); Crash Games (145); Live Games (167); Baccarat (155); Jackpot Slots (176)
95,coins-game,Coins Game,3997,/casino/review/coins-game/,https://stg-coinbets-staging.kinsta.cloud/wp-content/uploads/2025/07/coinsgame-1.avif,Bitcoin (BTC); Ethereum (ETH); USDT Tether (USDT); TRON (TRX); Dogecoin (DOGE); Bitcoin Cash (BCH); Litecoin (LTC),Coin Engine Originals (2); Reel Life Games (5); Amatic Industries (47); Wazdan (50); PGSoft (97); Hot Rise Games (12); R. Franco Games (22); Bang Bang Games (58); Crazy Tooth Studio (13); Reflex Gaming (39),Sports betting (131); eSports Betting (122); Crash Games (145); Live Games (167); Baccarat (155); Jackpot Slots (176); Bingo (136); Slots (186); Blackjack (161); Poker (165)
96,bets-io,Bets.io,3918,/casino/review/bets-io/,https://stg-coinbets-staging.kinsta.cloud/wp-content/uploads/2025/07/betsio-e1754729825548.avif,Bitcoin (BTC); Ethereum (ETH); USDT Tether (USDT); USDC (USDC); Solana (SOL); TRON (TRX); Dogecoin (DOGE); Cardano (ADA); Bitcoin Cash (BCH); XRP (Ripple),TokaCity (3); Neotopia Gaming (3); Black Cat (3); Formula Spin (9); Expanse Studios (7); Reel Life Games (5); Lucky (32); Jelly (17); Tornado Games (16); Spadegaming (45),Towers (81); Sports betting (131); Provably Fair (103); Plinko (111); Originals (83); Mines (103); Lottery (58); Keno (105); eSports Betting (122); Crash Games (145)
97,cryptoleo,CryptoLeo,3909,/casino/review/cryptoleo/,https://stg-coinbets-staging.kinsta.cloud/wp-content/uploads/2025/07/cryptoleo-logo-e1754729881853.avif,Bitcoin (BTC); Ethereum (ETH); USDT Tether (USDT); TRON (TRX); Dogecoin (DOGE); Cardano (ADA); Bitcoin Cash (BCH); XRP (Ripple); Litecoin (LTC); Binance Coin (BNB),Jelly (17); Spadegaming (45); High 5 Games (21); Belatra (58); Skillzz (8); Neon Valley Studios (12); Max Win Gaming (21); Originals (5); Pragmatic Play Live (42); Spinlogic (7),Sports betting (131); eSports Betting (122); Live Games (167); Baccarat (155); Jackpot Slots (176); Bingo (136); Slots (186); Blackjack (161); Poker (165); Roulette (156)
98,duelbits-crypto-casino,Duelbits,3809,/casino/review/duelbits-crypto-casino/,https://stg-coinbets-staging.kinsta.cloud/wp-content/uploads/2025/07/duelbits-logo.avif,Bitcoin (BTC); Ethereum (ETH); USDT Tether (USDT); USDC (USDC); Solana (SOL); TRON (TRX); Dogecoin (DOGE); Trump (TRUMP); XRP (Ripple); Litecoin (LTC),Lucky (32); Amusnet (54); GoldenRace (10); Wazdan (50); High 5 Games (21); Atomic Slot Lab (24); Coin Machine Gaming (1); Blue Ring Studios (1); Barstruck (1); Neon Valley Studios (12),Towers (81); Sports betting (131); Scratch Cards (97); Provably Fair (103); Plinko (111); Originals (83); Mines (103); Lottery (58); Keno (105); eSports Betting (122)
99,razed,Razed,3692,/casino/review/razed/,https://stg-coinbets-staging.kinsta.cloud/wp-content/uploads/2025/07/Razed-logo-e1754730017964.avif,Shuffle (SHFL); Bitcoin (BTC); Ethereum (ETH); USDT Tether (USDT); USDC (USDC); Solana (SOL); TRON (TRX); Dogecoin (DOGE); Algorand (ALGO); Bitcoin Cash (BCH),Sneaky Slots (4); Animo (4); PGSoft (97); 155 (16); Just Slots (18); Shady Lady (45); Penguin King (43); Live88 (44); VoltEnt (97); Popiplay (97),Dice & Craps (77); Towers (81); Sports betting (131); Scratch Cards (97); Provably Fair (103); Plinko (111); Originals (83); Mines (103); Keno (105); eSports Betting (122)
100,megapari,MegaPari,3619,/casino/review/megapari/,https://stg-coinbets-staging.kinsta.cloud/wp-content/uploads/2025/07/Megapari-logo.avif,Bitcoin (BTC); Ethereum (ETH); USDT Tether (USDT); USDC (USDC); DigByte (DGB); Fantom (FTM); Paxos Standard (PAX); Solana (SOL); Dogecoin (DOGE); Dash (DASH),Superlotto Games (9); SlotMatrix (4); Spadegaming (45); Amusnet (54); GoldenRace (10); Slot Factory (15); G Games (14); Zeppelin (4); TopSpin (7); Simple Play (4),Dice & Craps (77); Sports betting (131); Scratch Cards (97); Plinko (111); Mines (103); Keno (105); eSports Betting (122); Crash Games (145); Live Games (167); Baccarat (155)
101,bch-games-casino,BCH.games,3586,/casino/review/bch-games-casino/,https://stg-coinbets-staging.kinsta.cloud/wp-content/uploads/2025/07/bchlogo.avif,Bitcoin Cash (BCH),,Towers (81); Provably Fair (103); Plinko (111); Originals (83); Mines (103); Keno (105); Crash Games (145); Roulette (156)
102,betfury,BetFury,3506,/casino/review/betfury/,https://stg-coinbets-staging.kinsta.cloud/wp-content/uploads/2025/07/betfury-logo.avif,Zilliqa (ZIL); Bitcoin (BTC); Ethereum (ETH); USDT Tether (USDT); USDC (USDC); Solana (SOL); TRON (TRX); Dogecoin (DOGE); Cardano (ADA); Avalanche (AVAX),Amusnet (54); Triple Cherry (21); BetFury Originals (2); PGSoft (97); Shady Lady (45); Penguin King (43); Mancala Gaming (87); Live88 (44); NetGame (96); GameBeat (92),Loot Boxes (9); Dice & Craps (77); Towers (81); Sports betting (131); Scratch Cards (97); Provably Fair (103); Plinko (111); Originals (83); Mines (103); Lottery (58)
103,mega-dice,Mega Dice,494,/casino/review/mega-dice/,https://stg-coinbets-staging.kinsta.cloud/wp-content/uploads/2025/07/Megadice-logo.avif,Bitcoin (BTC); Ethereum (ETH); USDT Tether (USDT); USDC (USDC); Solana (SOL); TRON (TRX); Dogecoin (DOGE); Cardano (ADA); Binance USD (BUSD); XRP (Ripple),Booongo (31); Ezugi (102); Mascot Gaming (123); Spinomenal (151); Playson (127); Thunderkick (149); Kalamba Games (112); Elk Studios (71); Blueprint Gaming (115); Endorphina (161),Sports betting (131); Mines (103); eSports Betting (122); Crash Games (145); Live Games (167); Baccarat (155); Jackpot Slots (176); Bingo (136); Slots (186); Blackjack (161)
104,cloudbet,Cloudbet,493,/casino/review/cloudbet/,https://stg-coinbets-staging.kinsta.cloud/wp-content/uploads/2025/07/Cloudbet-logo-e1754730562879.avif,Bitcoin (BTC); Ethereum (ETH); USDT Tether (USDT); USDC (USDC); Solana (SOL); TRON (TRX); Dogecoin (DOGE); Trump (TRUMP); Cardano (ADA); Toncoin (TON),Wazdan (50); Atomic Slot Lab (24); Trigger Button (1); Storm Gaming (1); Skillzz (8); Neon Valley Studios (12); Livespins (7); D-Tech (1); Circular Arrow (1); Be The House (1),Towers (81); Sports betting (131); Scratch Cards (97); Plinko (111); Mines (103); Keno (105); eSports Betting (122); Crash Games (145); Live Games (167); Baccarat (155)
